종목명,ESG 통합등급,2020_E,2020_S,2020_G,평가연도,업종명
AJ네트웍스,B,D,B,B,2020,서비스업
AK홀딩스,B+,C,B+,B+,2020,기타금융
BGF,B+,B,A,B+,2020,기타금융
BGF리테일,A,B+,B+,A,2020,유통업
BNK금융지주,A+,B+,A+,A+,2020,기타금융
BYC,B,D,B,B+,2020,섬유의복
CJ,A,B,A,A,2020,기타금융
CJ CGV,A,B,A,A,2020,서비스업
CJ대한통운,A,A,B,A,2020,운수창고업
CJ씨푸드,B,C,B+,B+,2020,음식료품
CJ제일제당,A,A,A+,A,2020,음식료품
CS홀딩스,C,D,C,B,2020,기타금융
DB,B,D,B,B,2020,서비스업
DB금융투자,B,D,A,B,2020,증권
DB손해보험,B+,A,A,B+,2020,보험
DB하이텍,B+,B+,A,B+,2020,전기전자
DGB금융지주,A+,A,A+,A+,2020,기타금융
DRB동일,B,B,B,B,2020,기타금융
DSR,C,B,B,C,2020,철강금속
DSR제강,C,C,B,C,2020,철강금속
E1,B,C,A,B+,2020,유통업
F&F,-,-,-,-,2020,섬유의복
GKL,B+,C,A,A,2020,서비스업
GS,B+,C,A,A,2020,기타금융
GS건설,A,A,B+,A,2020,건설업
GS글로벌,B,D,B+,B+,2020,유통업
GS리테일,B,C,B,B+,2020,유통업
HDC,B+,C,B+,B+,2020,기타금융
HDC현대EP,B,B,B+,B,2020,화학
HDC현대산업개발,C,C,C,B+,2020,건설업
HMM,A,A,A+,A,2020,운수창고업
HSD엔진,A,B+,A,A,2020,기계
JB금융지주,A+,A,A,A+,2020,기타금융
JW생명과학,B+,B+,B+,B+,2020,의약품
JW중외제약,B,B,B+,B,2020,의약품
JW홀딩스,B+,C,B+,B+,2020,기타금융
KB금융,A+,A+,A+,A+,2020,기타금융
KC그린홀딩스,B,B,B+,B,2020,기타금융
KC코트렐,B,B,B,B,2020,기계
KEC,B,B+,B+,C,2020,전기전자
KG케미칼,D,C,C,D,2020,화학
KISCO홀딩스,C,B,B,C,2020,철강금속
KPX케미칼,B,B,C,B,2020,화학
KPX홀딩스,C,C,C,B,2020,화학
KR모터스,C,D,C,B,2020,운수장비
KSS해운,B+,B,B+,B+,2020,운수창고업
KTcs,B,D,B+,B+,2020,서비스업
KTis,B,D,B+,B+,2020,서비스업
LF,B,D,B,B+,2020,섬유의복
LG,A,B+,A+,B+,2020,기타금융
LG디스플레이,B+,B,A,B+,2020,전기전자
LG생활건강,A,A,A+,A,2020,화학
LG유플러스,B,B+,B+,B,2020,통신업
LG이노텍,A,A,A+,B+,2020,전기전자
LG전자,B+,A,A+,B,2020,전기전자
LG헬로비전,B+,D,B+,A,2020,서비스업
LG화학,B,C,A,B+,2020,화학
LIG넥스원,A,B+,A,A,2020,기계
LS,B+,B,B+,A,2020,기타금융
LS네트웍스,B,D,B+,B,2020,유통업
LS전선아시아,B,D,C,B+,2020,기타금융
MH에탄올,B,C,B,B+,2020,음식료품
NAVER,A,B+,B+,A+,2020,서비스업
NH투자증권,B+,B,A+,B+,2020,증권
NICE,B,D,B,B+,2020,서비스업
NI스틸,C,D,C,B,2020,철강금속
OCI,A,A,A+,A,2020,화학
S-Oil,A+,A,A+,A+,2020,화학
SBS,B,C,B,B+,2020,서비스업
SG세계물산,C,D,B,C,2020,유통업
SH에너지화학,C,C,C,B+,2020,화학
SIMPAC,C,C,B,C,2020,기계
SK,A+,A,A+,A+,2020,기타금융
SKC,B+,B+,A+,B,2020,화학
SK가스,A,B+,A+,A,2020,유통업
SK네트웍스,A,B+,A+,A,2020,유통업
SK디스커버리,A,B,A,A,2020,기타금융
SK디앤디,B,C,B,B+,2020,서비스업
SK렌터카,B,B,C,B,2020,서비스업
SK이노베이션,A,A,A,A,2020,화학
SK증권,B,D,A,B,2020,증권
SK케미칼,B+,B+,A,B+,2020,화학
SK텔레콤,A,A+,A,A,2020,통신업
SK하이닉스,A,A,A+,A,2020,전기전자
SPC삼립,B+,B,A,B,2020,음식료품
STX,B,C,B+,B,2020,유통업
STX엔진,B+,B+,B+,B,2020,기계
STX중공업,B,C,B+,B+,2020,기계
TCC스틸,C,B,B,C,2020,철강금속
WISCOM,C,C,C,B+,2020,화학
YG PLUS,B,D,B,B,2020,서비스업
가온전선,B+,B,B+,B+,2020,전기전자
강남제비스코,B,B,C,B,2020,화학
강원랜드,A,B,A,A,2020,서비스업
갤럭시아에스엠,C,D,C,C,2020,서비스업
경농,C,B,B+,C,2020,화학
경동나비엔,B+,B,B+,B+,2020,전기전자
경동도시가스,B+,B,A,B+,2020,전기가스업
경동인베스트,B,C,B,B+,2020,기타금융
경방,C,C,B,B,2020,유통업
경보제약,B,B,B,B,2020,의약품
경인양행,B,B,C,B,2020,화학
경인전자,C,D,C,B,2020,전기전자
계양전기,B,B,B+,B,2020,기계
고려산업,C,C,C,C,2020,음식료품
고려아연,B,B+,C,B+,2020,철강금속
고려제강,B,B+,B+,C,2020,철강금속
광동제약,B,C,B+,B+,2020,의약품
광명전기,C,C,C,C,2020,전기전자
광전자,B,C,B,B+,2020,전기전자
광주신세계,B+,C,A,B+,2020,유통업
교보증권,B,D,B+,B,2020,증권
국도화학,B,B,B,B,2020,화학
국동,B,D,C,B+,2020,유통업
국보,C,B,C,C,2020,운수창고업
국제약품,C,D,B,C,2020,의약품
그린케미칼,B,B,B,B,2020,화학
극동유화,B,B,C,B,2020,화학
금강공업,C,C,B,B,2020,철강금속
금비,C,C,B,C,2020,비금속광물
금양,D,D,C,C,2020,화학
금호에이치티,D,D,C,C,2020,운수장비
금호전기,B,B,B,B,2020,전기전자
금호타이어,B,B,C,B+,2020,화학
기신정기,C,D,B,B,2020,기계
기업은행,B+,B+,A,B+,2020,은행
까뮤이앤씨,C,D,C,B,2020,건설업
깨끗한나라,B+,B,B+,B+,2020,종이목재
남광토건,B,B,B,B,2020,건설업
남선알미늄,B,C,B+,B,2020,철강금속
남성,C,D,B,B,2020,유통업
남양유업,B,C,B,B+,2020,음식료품
남해화학,B,B,B,B+,2020,화학
넥센,B+,B,B+,B+,2020,화학
넥센타이어,B+,B+,B+,B,2020,화학
넷마블,B,D,B+,B+,2020,서비스업
노루페인트,B,B,B,B,2020,화학
노루홀딩스,C,C,B,C,2020,기타금융
녹십자,B+,B,A,B,2020,의약품
녹십자홀딩스,B,C,B+,B,2020,서비스업
농심,B+,B+,A,B,2020,음식료품
농심홀딩스,B+,B,B+,B+,2020,기타금융
다스코,B,C,B,B+,2020,기계
다우기술,B,C,B+,B,2020,서비스업
대교,B+,D,B+,A,2020,서비스업
대구백화점,B,D,B,B+,2020,유통업
대덕,A,B+,A,A,2020,전기전자
대덕전자,-,-,-,-,2020,전기전자
대동전자,C,B,C,C,2020,전기전자
대림통상,B,B,B,B,2020,기계
대상,B,B,B+,B,2020,음식료품
대상홀딩스,B,C,B,B,2020,기타금융
대성산업,C,C,B,C,2020,유통업
대성에너지,B,B,B+,B,2020,전기가스업
대성홀딩스,B,C,B+,B,2020,서비스업
대신증권,B,D,B+,B+,2020,증권
대양금속,B,B,C,B,2020,철강금속
대영포장,C,B,C,D,2020,종이목재
대우건설,B+,A,B,B+,2020,건설업
대우부품,D,D,C,C,2020,운수장비
대우조선해양,B+,B+,B,A,2020,운수장비
대웅,C,C,B+,C,2020,기타금융
대웅제약,B+,B,B+,B+,2020,의약품
대원강업,B,B,B+,B,2020,운수장비
대원전선,C,C,C,C,2020,전기전자
대원제약,B,D,B+,B+,2020,의약품
대원화성,B+,B+,B,B+,2020,화학
대유에이텍,C,C,C,C,2020,운수장비
대유플러스,C,C,C,C,2020,전기전자
대창,C,B+,B,C,2020,철강금속
대창단조,B,B,B,B,2020,운수장비
대한방직,C,C,C,B+,2020,섬유의복
대한유화,B,B+,B+,C,2020,화학
대한전선,B+,B,B+,B+,2020,전기전자
대한제강,B,B+,B,B,2020,철강금속
대한제당,C,C,C,B,2020,음식료품
대한제분,C,C,B,C,2020,음식료품
대한항공,A,A,A+,B+,2020,운수창고업
대한해운,B,C,B,B,2020,운수창고업
대한화섬,C,B,B+,C,2020,화학
대현,C,D,C,B,2020,섬유의복
대호에이엘,B,B,C,B,2020,철강금속
더블유게임즈,B,D,B+,B+,2020,서비스업
더존비즈온,B,C,B+,B,2020,서비스업
덕성,B,B,C,B+,2020,화학
덕양산업,B,B,B,B,2020,운수장비
덴티움,C,D,C,B+,2020,의료정밀
도화엔지니어링,B+,B,B,B+,2020,서비스업
동국제강,B+,B+,B+,B,2020,철강금속
동남합성,C,D,C,B,2020,화학
동방,C,B,C,C,2020,운수창고업
동방아그로,C,D,C,B,2020,화학
동부건설,C,C,B,B,2020,건설업
동서,C,D,B,C,2020,유통업
동성제약,C,D,B,B,2020,의약품
동아쏘시오홀딩스,B+,C,A,A,2020,기타금융
동아에스티,B+,D,B+,A,2020,의약품
동아지질,C,C,C,C,2020,건설업
동아타이어,B,C,B,B,2020,화학
동양,C,C,C,B,2020,비금속광물
동양고속,B,C,B,B+,2020,운수창고업
동양생명,B,D,B+,B+,2020,보험
동양철관,C,C,C,C,2020,철강금속
동양피스톤,B,B,B,B+,2020,운수장비
동원F&B,B,B,B+,B,2020,음식료품
동원금속,B,C,B,B+,2020,운수장비
동원산업,B,C,B,B+,2020,"농업, 임업 및 어업"
동원수산,C,D,B,B,2020,"농업, 임업 및 어업"
동원시스템즈,C,B,B,C,2020,화학
동일고무벨트,B+,B,B+,B+,2020,화학
동일산업,B,B+,C,B+,2020,철강금속
동일제강,C,C,C,B,2020,철강금속
동화약품,B,D,B+,B,2020,의약품
두산,A+,A+,A+,A,2020,서비스업
두산밥캣,B+,D,A,A,2020,기계
두산퓨얼셀,-,-,-,-,2020,전기전자
두올,B,C,B,B+,2020,운수장비
드림텍,-,-,-,-,2020,전기전자
디씨엠,C,C,C,B,2020,철강금속
디아이,B,B,B,B,2020,의료정밀
디아이씨,C,C,B,C,2020,운수장비
디와이,C,C,C,B+,2020,기타금융
디와이파워,C,D,B,B,2020,기계
락앤락,C,C,B+,C,2020,화학
롯데관광개발,C,D,B,C,2020,서비스업
롯데손해보험,B+,C,A,A,2020,보험
롯데쇼핑,A,A,A+,A,2020,유통업
롯데정밀화학,A,A,A+,A,2020,화학
롯데정보통신,A,B+,A,A,2020,서비스업
롯데제과,A,A,A+,B+,2020,음식료품
롯데지주,B+,B,A,B,2020,기타금융
롯데케미칼,B+,B,A,A,2020,화학
롯데푸드,A,B+,A+,B+,2020,음식료품
롯데하이마트,A,B+,A+,A,2020,유통업
마니커,C,D,B+,C,2020,음식료품
만호제강,C,C,B,B,2020,철강금속
맵스리얼티1,-,-,-,-,2020,기타금융
메리츠금융지주,B+,D,B+,A,2020,기타금융
메리츠증권,B+,B,A,B+,2020,증권
메리츠화재,B,D,B+,B+,2020,보험
메타랩스,C,D,B,B,2020,섬유의복
명문제약,C,D,B,B,2020,의약품
모나리자,B,B,B,B,2020,종이목재
모나미,C,D,C,B,2020,유통업
모토닉,B,B,B,B,2020,운수장비
무림P&P,B+,B+,B+,B+,2020,종이목재
무림페이퍼,B+,B+,B+,B+,2020,종이목재
무학,C,B,C,C,2020,음식료품
문배철강,C,D,C,B,2020,철강금속
미래산업,B,B,C,B,2020,의료정밀
미래아이앤지,C,D,C,C,2020,서비스업
미래에셋생명,B,D,B+,B,2020,보험
미원상사,C,D,B,B,2020,화학
미원에스씨,C,C,C,B,2020,화학
미원홀딩스,C,C,C,C,2020,기타금융
미원화학,C,C,C,C,2020,화학
방림,B,B,C,B,2020,섬유의복
백광산업,C,B,C,D,2020,화학
백산,C,C,B,B,2020,화학
범양건영,C,D,C,B,2020,건설업
벽산,C,B,B,C,2020,비금속광물
보락,C,D,C,B,2020,화학
보해양조,B,B,B,B,2020,음식료품
부광약품,C,D,C,B,2020,의약품
부국증권,B,D,B,B,2020,증권
부국철강,D,D,C,C,2020,철강금속
부산산업,D,D,C,C,2020,비금속광물
부산주공,C,B,C,C,2020,운수장비
비비안,C,D,B,B,2020,섬유의복
비상교육,B,D,B+,B,2020,서비스업
비케이탑스,C,D,B,D,2020,서비스업
빙그레,A,B+,A+,A,2020,음식료품
사조대림,C,D,B,B,2020,음식료품
사조동아원,C,D,C,B,2020,음식료품
사조산업,D,D,C,D,2020,"농업, 임업 및 어업"
사조씨푸드,C,D,B,B,2020,음식료품
사조오양,C,D,B,C,2020,음식료품
삼부토건,C,C,B,B,2020,건설업
삼성SDI,A,A,A,B+,2020,전기전자
삼성공조,C,C,C,B,2020,운수장비
삼성물산,A,A+,A,B+,2020,유통업
삼성바이오로직스,B+,B,A,B+,2020,의약품
삼성생명,B+,A,A,B+,2020,보험
삼성에스디에스,A,B+,A+,A,2020,서비스업
삼성엔지니어링,A,A,A+,A,2020,서비스업
삼성전기,A,A,A+,B+,2020,전기전자
삼성전자,B,A,A+,C,2020,전기전자
삼성제약,C,B,C,D,2020,의약품
삼성중공업,B+,B+,B,A,2020,운수장비
삼성증권,B+,B,A+,B,2020,증권
삼성출판사,C,D,C,B,2020,서비스업
삼성카드,B,D,B+,B+,2020,기타금융
삼아알미늄,B,B,C,B,2020,철강금속
삼양사,B+,B+,B+,B,2020,음식료품
삼양식품,B,B,B,B,2020,음식료품
삼양통상,C,B,C,D,2020,기타제조업
삼양패키징,C,C,B+,C,2020,화학
삼양홀딩스,B+,B,B+,B+,2020,기타금융
삼영무역,C,D,C,C,2020,유통업
삼원강재,B,B+,C,B,2020,운수장비
삼익THK,B+,B,B,B+,2020,기계
삼익악기,C,D,C,B,2020,기타제조업
삼일씨엔에스,B,C,B,B+,2020,비금속광물
삼일제약,B,D,B+,B,2020,의약품
삼정펄프,C,C,B,C,2020,종이목재
삼진제약,B,D,B+,B,2020,의약품
삼천리,B+,B+,A,B+,2020,전기가스업
삼호개발,D,D,C,C,2020,건설업
삼화왕관,B,B,C,B,2020,기계
삼화전기,C,C,B,B,2020,전기전자
상상인증권,C,D,B,C,2020,증권
상신브레이크,B,B,B,B,2020,운수장비
새론오토모티브,B,B,B,B,2020,운수장비
샘표,C,B,B+,C,2020,기타금융
샘표식품,C,B,B+,C,2020,음식료품
서연,B+,C,B+,B+,2020,기타금융
서연이화,B+,B,B+,B+,2020,운수장비
서원,B,B,C,B,2020,철강금속
서흥,C,C,C,B,2020,화학
선도전기,B,B,C,B,2020,전기전자
선진,B,D,B,B+,2020,음식료품
성문전자,C,C,B,C,2020,전기전자
성보화학,C,D,B,B,2020,화학
성신양회,C,B+,B,C,2020,비금속광물
성안,C,C,C,B,2020,섬유의복
성창기업지주,C,D,C,C,2020,서비스업
세기상사,C,D,C,C,2020,서비스업
세방,B+,B,B+,B+,2020,운수창고업
세방전지,B,B+,B,B,2020,전기전자
세아제강,B,B,B+,B,2020,철강금속
세아제강지주,B,C,B,B,2020,기타금융
세아특수강,B,B,C,B,2020,철강금속
세아홀딩스,B,C,B,B+,2020,철강금속
세우글로벌,C,B,C,C,2020,유통업
세원정공,C,C,B+,D,2020,운수장비
세이브존I&C,C,D,B,C,2020,유통업
세종공업,C,B,B+,C,2020,운수장비
세진중공업,B,D,B+,B+,2020,운수장비
세하,B,B+,B,B,2020,종이목재
센트랄모텍,-,-,-,-,2020,운수장비
셀트리온,B+,B,B,B+,2020,의약품
송원산업,B,B+,B+,C,2020,화학
수산중공업,B,B,B,B,2020,기계
시디즈,C,D,C,B,2020,기타제조업
신대양제지,C,C,C,C,2020,종이목재
신도리코,B,B,B+,B,2020,전기전자
신라교역,C,D,C,B,2020,"농업, 임업 및 어업"
신성이엔지,C,C,C,B,2020,전기전자
신성통상,C,C,D,C,2020,유통업
신세계,A,B+,A,A,2020,유통업
신세계건설,B,C,B,B+,2020,건설업
신세계인터내셔날,A,B,A,A,2020,유통업
신세계푸드,B+,B,B+,B+,2020,서비스업
신송홀딩스,B,D,B,B+,2020,유통업
신영와코루,C,D,B,C,2020,섬유의복
신영증권,B,D,B,B+,2020,증권
신원,D,D,C,C,2020,섬유의복
신일전자,C,D,C,B,2020,유통업
신풍제약,B,D,B,B+,2020,의약품
신한지주,A+,A+,A,A+,2020,기타금융
신흥,B,D,B,B,2020,유통업
쌍방울,C,D,B,C,2020,섬유의복
써니전자,C,C,B,B,2020,전기전자
쎌마테라퓨틱스,C,D,C,C,2020,서비스업
씨아이테크,C,D,C,C,2020,기타제조업
씨에스윈드,B,B,C,B,2020,기계
아남전자,C,C,C,C,2020,전기전자
아모레퍼시픽,A,A,A+,A,2020,화학
아세아,C,C,B,C,2020,서비스업
아세아시멘트,B+,B+,B+,B,2020,비금속광물
아세아제지,B,C,B,B,2020,종이목재
아시아나IDT,C,D,B,C,2020,서비스업
아시아나항공,C,B+,B+,D,2020,운수창고업
아이마켓코리아,B,D,B,B+,2020,유통업
아이에스동서,B,B,B,B+,2020,비금속광물
알루코,B,B,B,B,2020,철강금속
애경산업,B,C,B+,B,2020,화학
에넥스,B,B,B+,B,2020,기타제조업
에스엘,C,B,B+,D,2020,운수장비
에스원,B+,B,A,B+,2020,서비스업
에쓰씨엔지니어링,C,C,B,B,2020,건설업
에어부산,C,C,B+,C,2020,운수창고업
에이블씨엔씨,C,D,B,C,2020,화학
에이엔피,C,B,C,C,2020,전기전자
엔씨소프트,B+,D,B+,A,2020,서비스업
엔케이,C,B,C,C,2020,기계
영보화학,B,B,B,B,2020,화학
영원무역,B,D,B,B+,2020,유통업
영원무역홀딩스,B,D,B,B,2020,기타금융
영진약품,B,D,B+,B+,2020,의약품
영풍,C,D,B,D,2020,철강금속
영풍제지,B,B,C,B,2020,종이목재
영화금속,B,B,C,B,2020,운수장비
영흥,B,C,B,B+,2020,철강금속
예스코홀딩스,B,D,B+,B+,2020,기타금융
오뚜기,B+,B+,A,B,2020,음식료품
오리엔트바이오,C,B,B,C,2020,의약품
오리온,B+,B,B+,A,2020,음식료품
오리온홀딩스,B+,C,B+,A,2020,기타금융
용평리조트,B,C,B,B,2020,서비스업
우리금융지주,B+,B+,B+,B+,2020,기타금융
우리종금,B,D,B,B,2020,기타금융
우신시스템,B+,B,B,B+,2020,기계
우진,B+,B,B,B+,2020,의료정밀
우진아이엔에스,C,C,C,B+,2020,건설업
우진플라임,B,B,B,B,2020,기계
웅진,B,D,B,B+,2020,기타금융
웅진씽크빅,B,D,B,B,2020,서비스업
원림,C,D,B,C,2020,섬유의복
웰바이오텍,B,D,B,B,2020,유통업
윌비스,C,D,C,C,2020,유통업
유니드,B,B,B,B,2020,화학
유니온,C,C,B,C,2020,비금속광물
유니온머티리얼,B,B,B,B,2020,비금속광물
유니켐,B,B,C,B,2020,기타제조업
유니퀘스트,B,D,C,B+,2020,유통업
유성기업,C,B,C,C,2020,운수장비
유수홀딩스,B,C,B,B+,2020,서비스업
유안타증권,B,D,B+,B,2020,증권
유엔젤,C,B,C,C,2020,서비스업
유유제약,B,B,C,B,2020,의약품
유한양행,B+,B+,B+,B+,2020,의약품
유화증권,C,D,C,B,2020,증권
율촌화학,B,C,B+,B+,2020,화학
이건산업,B,C,B,B,2020,종이목재
이구산업,B,B,C,B,2020,철강금속
이노션,B+,D,A,A,2020,서비스업
이마트,A,A,A+,A,2020,유통업
이수페타시스,B,B+,B+,C,2020,전기전자
이수화학,C,B,B,C,2020,화학
이스타코,C,D,C,B,2020,서비스업
이아이디,D,D,C,C,2020,유통업
이엔플러스,B,B,C,B,2020,기계
이연제약,C,D,B,B,2020,의약품
이월드,C,D,C,B,2020,서비스업
이화산업,C,C,C,C,2020,유통업
인디에프,C,D,B,B,2020,섬유의복
인스코비,C,B,C,C,2020,통신업
인지컨트롤스,C,C,B,C,2020,운수장비
인천도시가스,B,C,B,B+,2020,전기가스업
인터지스,B+,B,B,B+,2020,운수창고업
인팩,C,C,C,B,2020,운수장비
일동제약,A,B+,A+,B+,2020,의약품
일동홀딩스,B+,B,A,B+,2020,의약품
일성건설,B,B,B,B,2020,건설업
일성신약,C,D,B,B,2020,의약품
일신방직,B,B,B,B,2020,섬유의복
일신석재,C,D,C,B,2020,유통업
일양약품,B,D,B,B+,2020,의약품
일정실업,C,C,C,C,2020,섬유의복
일진다이아,C,C,B,B,2020,화학
일진디스플,B,B,B,B,2020,전기전자
일진머티리얼즈,C,B,C,C,2020,전기전자
일진전기,C,C,B,C,2020,전기전자
일진홀딩스,B,C,B,B,2020,기타금융
잇츠한불,B,C,B,B,2020,화학
자이에스앤디,-,-,-,-,2020,서비스업
자화전자,B,B,B+,B,2020,전기전자
전방,C,C,B+,C,2020,섬유의복
제이에스코퍼레이션,C,D,C,B+,2020,기타제조업
제이준코스메틱,C,D,C,B,2020,화학
제일기획,B+,D,A,B+,2020,서비스업
제일약품,C,D,B,B,2020,의약품
제일연마,C,C,C,B,2020,비금속광물
제일파마홀딩스,B,D,B,B,2020,서비스업
제주은행,B+,C,A,A,2020,은행
제주항공,B,C,B+,B+,2020,운수창고업
조광페인트,C,C,B,B,2020,화학
조광피혁,C,D,C,B,2020,기타제조업
조비,C,D,B,B,2020,화학
조선내화,C,B,B,C,2020,비금속광물
조선선재,C,D,C,B+,2020,기계
조일알미늄,B,B,C,B,2020,철강금속
조흥,B,B,C,B,2020,음식료품
종근당,B,C,B+,B+,2020,의약품
종근당바이오,C,B,C,C,2020,의약품
종근당홀딩스,C,C,B+,C,2020,의약품
주연테크,C,C,B,C,2020,전기전자
지누스,-,-,-,-,2020,기타제조업
지엠비코리아,C,C,B,C,2020,운수장비
지역난방공사,A,B+,A+,B+,2020,전기가스업
지투알,B,D,B+,B+,2020,서비스업
진도,B,D,B,B,2020,유통업
진양산업,D,D,C,C,2020,화학
진양홀딩스,C,D,C,C,2020,화학
진양화학,D,D,C,C,2020,화학
진에어,B+,C,B+,A,2020,운수창고업
진원생명과학,C,D,C,B,2020,의약품
진흥기업,C,C,B,B,2020,건설업
참엔지니어링,B,B,B,B,2020,기계
천일고속,B,C,B,B+,2020,운수창고업
체시스,C,C,B,C,2020,운수장비
카카오,B+,C,A+,A,2020,서비스업
카프로,B+,B+,B,B+,2020,화학
컨버즈,D,C,C,D,2020,종이목재
케이비아이동국실업,C,B,B,C,2020,운수장비
케이씨,B+,B,B,B+,2020,의료정밀
케이씨씨글라스,-,-,-,-,2020,비금속광물
케이씨텍,B,B,B,B,2020,의료정밀
코리아써키트,C,B+,B,C,2020,전기전자
코리안리,B,D,B,B+,2020,보험
코스맥스,B+,B+,B+,B,2020,화학
코스맥스비티아이,B,B,B,B,2020,기타금융
코스모신소재,B+,B+,B,B+,2020,화학
코스모화학,C,B,C,D,2020,화학
코아스,B+,B,B,B+,2020,기타제조업
코오롱,B,C,B+,B,2020,기타금융
코오롱글로벌,B,C,B,B+,2020,건설업
코오롱인더,B+,B+,B+,B+,2020,화학
코오롱플라스틱,B+,B,B+,B+,2020,화학
코웨이,A,A,A+,B+,2020,서비스업
콤텍시스템,C,D,B,C,2020,서비스업
쿠쿠홀딩스,B,D,B,B+,2020,기타금융
쿠쿠홈시스,C,D,C,C,2020,서비스업
큐로,C,B,C,C,2020,기계
크라운제과,B,D,B+,B,2020,음식료품
크라운해태홀딩스,B,D,B+,B,2020,기타금융
키다리스튜디오,B,B,B,B,2020,서비스업
키움증권,B,D,B+,B+,2020,증권
태경비케이,C,C,B,B,2020,비금속광물
태경산업,B,B,B,B,2020,화학
태경케미컬,D,D,C,C,2020,화학
태광산업,C,B,B+,D,2020,화학
태림포장,C,B,C,C,2020,종이목재
태영건설,B,B,B,B+,2020,건설업
태원물산,B,B,C,B,2020,운수장비
태평양물산,C,D,B+,B,2020,섬유의복
테이팩스,B+,B+,B+,B,2020,화학
텔코웨어,B,D,B,B,2020,서비스업
토니모리,C,D,C,B+,2020,화학
티에이치엔,B,B,B,B,2020,전기전자
티와이홀딩스,-,-,-,-,2020,증권
티웨이항공,B,C,B,B,2020,운수창고업
티웨이홀딩스,C,D,B,C,2020,비금속광물
파미셀,B,B,C,B,2020,의약품
팜스코,B,D,B+,B+,2020,음식료품
팬오션,B+,B,B,A,2020,운수창고업
퍼스텍,C,B,B,C,2020,기계
퍼시스,B,B,B,B,2020,기타제조업
페이퍼코리아,C,C,B,C,2020,종이목재
평화산업,B,B,B,B,2020,운수장비
평화홀딩스,B,C,B,B+,2020,운수장비
포스코인터내셔널,A+,A,A+,A+,2020,유통업
포스코케미칼,A,A,A+,B+,2020,비금속광물
풀무원,A+,A,A+,A+,2020,음식료품
풍산,B+,B+,A,B+,2020,철강금속
풍산홀딩스,B,B,B+,B,2020,기타금융
하나금융지주,A,A,A,A,2020,기타금융
하나제약,B,D,B,B+,2020,의약품
하나투어,B,D,B,B,2020,서비스업
하이스틸,B,B,C,B,2020,철강금속
하이트진로,B,B,B,B,2020,음식료품
하이트진로홀딩스,B,C,B,B,2020,기타금융
한국가스공사,A,B+,A+,B+,2020,전기가스업
한국공항,C,D,B,B,2020,운수창고업
한국금융지주,B,D,B+,B+,2020,기타금융
한국내화,C,C,B,D,2020,비금속광물
한국쉘석유,B,C,B+,B,2020,화학
한국자산신탁,C,D,B,C,2020,기타금융
한국전자홀딩스,C,C,B,C,2020,기타금융
한국조선해양,B+,B+,C,A,2020,운수장비
한국종합기술,B,B,C,B,2020,서비스업
한국주강,C,D,C,C,2020,기계
한국철강,C,B+,B,C,2020,철강금속
한국카본,B+,B,B,B+,2020,기계
한국콜마,B+,B,B+,B+,2020,화학
한국콜마홀딩스,B,B,B,B,2020,기타금융
한국타이어앤테크놀로지,B+,A,A,B,2020,화학
한국토지신탁,C,D,B,C,2020,기타금융
한국항공우주,A,A,A+,B+,2020,운수장비
한국화장품,B,D,B+,B,2020,유통업
한국화장품제조,C,D,B,B,2020,화학
한농화성,C,C,C,B,2020,화학
한독,B+,B+,B+,B,2020,의약품
한미글로벌,B+,B,B+,B+,2020,서비스업
한미반도체,C,D,C,B,2020,기계
한미사이언스,B,B,B,B,2020,기타금융
한미약품,A,B+,A+,B+,2020,의약품
한샘,B+,B+,A+,B,2020,유통업
한섬,A,B+,A,A,2020,섬유의복
한성기업,C,D,B,C,2020,음식료품
한세실업,B,C,B,B+,2020,섬유의복
한세엠케이,C,C,C,B,2020,유통업
한세예스24홀딩스,B,C,B,B,2020,섬유의복
한솔로지스틱스,B+,B,B+,A,2020,운수창고업
한솔제지,A,A,A,A,2020,종이목재
한솔케미칼,B+,B,B+,B+,2020,화학
한솔테크닉스,B+,B+,B+,A,2020,전기전자
한솔홀딩스,A,B+,A,A,2020,기타금융
한솔홈데코,B+,B,B+,A,2020,종이목재
한신공영,C,C,B,B,2020,건설업
한양증권,C,D,B+,C,2020,증권
한온시스템,B,B,B,B+,2020,기계
한올바이오파마,B,D,B+,B,2020,의약품
한익스프레스,C,B,C,D,2020,운수창고업
한일시멘트,B,C,B+,B,2020,비금속광물
한일철강,D,D,D,C,2020,철강금속
한일현대시멘트,B+,B,B+,B+,2020,비금속광물
한일홀딩스,B,D,B+,B+,2020,비금속광물
한전KPS,B+,B+,A,B+,2020,건설업
한전기술,B+,B+,A,B+,2020,서비스업
한전산업,B+,B,B+,B+,2020,서비스업
한진,B,B,C,B+,2020,운수창고업
한진중공업홀딩스,B,D,C,B+,2020,전기가스업
한진칼,B+,B,B,A,2020,운수창고업
한창,C,D,B,C,2020,유통업
한창제지,B,B,C,B,2020,종이목재
한화,A,B+,A,A,2020,화학
한화생명,A,A,A+,B+,2020,보험
한화손해보험,B+,B,A,B,2020,보험
한화솔루션,B+,A,A,B,2020,화학
한화시스템,-,-,-,-,2020,전기전자
한화에어로스페이스,A,A,A,A,2020,운수장비
한화투자증권,B+,B,A,B+,2020,증권
해성디에스,A,A,A,A,2020,전기전자
해태제과식품,B,D,B+,B,2020,음식료품
핸즈코퍼레이션,B,B,B,B+,2020,운수장비
현대건설,A,A+,A,A,2020,건설업
현대건설기계,A,B+,A,A,2020,기계
현대그린푸드,A,B+,A,A,2020,유통업
현대글로비스,A,A,A+,A,2020,운수창고업
현대로템,B+,B,A,B+,2020,운수장비
현대리바트,A,B,A,A,2020,기타제조업
현대모비스,A,B+,A+,A,2020,운수장비
현대미포조선,A,A,A+,A,2020,운수장비
현대백화점,A,B+,A,A,2020,유통업
현대비앤지스틸,B+,B+,A,B+,2020,철강금속
현대약품,B,B,B+,B,2020,의약품
현대에너지솔루션,-,-,-,-,2020,전기전자
현대오토에버,-,-,-,-,2020,서비스업
현대위아,A,A,A+,A,2020,운수장비
현대일렉트릭,A,A,A+,A,2020,전기전자
현대제철,B+,B+,B,B+,2020,철강금속
현대차증권,A,B,A+,A,2020,증권
현대코퍼레이션홀딩스,C,D,C,B,2020,유통업
현대해상,A,B+,A,A,2020,보험
현대홈쇼핑,A,A,A,A,2020,유통업
형지엘리트,C,D,B,C,2020,섬유의복
혜인,C,B,C,C,2020,유통업
호전실업,C,D,C,B+,2020,섬유의복
호텔신라,A,A,A,A,2020,유통업
화성산업,B,C,B,B+,2020,건설업
화승엔터프라이즈,B+,B+,B,A,2020,기타제조업
화신,C,D,B+,B,2020,운수장비
화인베스틸,B,B,C,B,2020,철강금속
화천기계,C,B,B,C,2020,기계
화천기공,C,D,C,B,2020,기계
환인제약,B,D,B+,B+,2020,의약품
황금에스티,D,D,C,C,2020,철강금속
효성,B+,A,A+,B,2020,기타금융
효성중공업,A,A,A+,A,2020,전기전자
효성첨단소재,A+,A+,A+,A,2020,화학
효성티앤씨,A+,A+,A+,A,2020,화학
효성화학,A+,A+,A+,A,2020,화학
후성,C,B,C,C,2020,화학
휠라홀딩스,B+,B,B+,B+,2020,유통업
휴비스,B+,B+,B+,B+,2020,화학
휴스틸,C,B,B,C,2020,철강금속
흥국화재,B,D,A,B,2020,보험
흥아해운,D,D,C,D,2020,운수창고업
